Model,Accuracy,Precision,Recall,F1,ROC-AUC
Stacking,0.93125,0.9122807017543859,0.8711340206185567,0.8912326961107448,0.9667963790564218
RandomForest,0.9258333333333333,0.9283667621776505,0.8350515463917526,0.8792401628222524,0.9665757833528008
GradientBoosting,0.9204166666666667,0.9172610556348074,0.8286082474226805,0.8706838185511171,0.9662694885988521
DecisionTree,0.8591666666666666,0.8390092879256966,0.6984536082474226,0.7623066104078763,0.8893510201361028
LogisticRegression,0.8275,0.7828125,0.645618556701031,0.7076271186440678,0.8746905312071505
Dummy,0.6766666666666666,0.0,0.0,0.0,
