Model,Accuracy,Precision,Recall,F1,ROC-AUC
RandomForest,0.9258333333333333,0.9283667621776505,0.8350515463917526,0.8792401628222524,0.9665757833528008
Stacking,0.9316666666666666,0.9135135135135135,0.8711340206185567,0.8918205804749341,0.9665273792595601
GradientBoosting,0.9204166666666667,0.9172610556348074,0.8286082474226805,0.8706838185511171,0.9662694885988521
DecisionTree,0.865,0.8147632311977716,0.7538659793814433,0.7831325301204819,0.8914109713828653
LogisticRegression,0.8275,0.7828125,0.645618556701031,0.7076271186440678,0.8746905312071505
Dummy,0.6766666666666666,0.0,0.0,0.0,
