{
  "ds1": {
    "KMeans": {
      "silhouette_score": 0.5216395622404242,
      "davies_bouldin_score": 0.6853295219054459,
      "calinski_harabasz_score": 11786.95462267153
    },
    "AgglomerativeClustering": {
      "silhouette_score": 0.5216395622404242,
      "davies_bouldin_score": 0.6853295219054459,
      "calinski_harabasz_score": 11786.95462267153
    }
  },
  "ds2": {
    "KMeans": {
      "silhouette_score": 0.3068610017701601,
      "davies_bouldin_score": 1.3234721699867644,
      "calinski_harabasz_score": 3573.3933329348392
    },
    "AgglomerativeClustering": {
      "silhouette_score": 0.41976775922231674,
      "davies_bouldin_score": 0.8791287795996852,
      "calinski_harabasz_score": 395.4825694831712
    }
  },
  "ds3": {
    "KMeans": {
      "silhouette_score": 0.31554470037825183,
      "davies_bouldin_score": 1.1577256320598661,
      "calinski_harabasz_score": 6957.162639510166
    },
    "AgglomerativeClustering": {
      "silhouette_score": 0.4252961244445327,
      "davies_bouldin_score": 0.813802016581118,
      "calinski_harabasz_score": 8.943143115556799
    }
  }
}